campaign_id,run_id,timestamp_host,rx_timestamp_ms,tx_timestamp_ms,inter_arrival_ms,beacon_id,seq_num,pkt_type,mod_kind,spread_factor,rssi_dbm,snr_db,freq_error_hz,payload_len,distance_m,label_sf,label_mod,mod_kind_label,label_beacon,label_pkt
C1,C1_pwr14_2026-05-03T12:00:00Z,2026-05-04T21:11:23.441651+00:00,491905,470842,0,1,460,0,1,7,-45,9.5,5147,14,3.0,7,lora,1,1,0
C1,C1_pwr14_2026-05-03T12:00:00Z,2026-05-04T21:11:23.521741+00:00,491982,480512,77,2,460,1,1,7,-45,9.75,5147,14,3.0,7,lora,1,2,1
C1,C1_pwr14_2026-05-03T12:00:00Z,2026-05-04T21:11:24.449574+00:00,492905,471842,923,1,461,0,1,7,-45,9.5,5147,14,3.0,7,lora,1,1,0
C1,C1_pwr14_2026-05-03T12:00:00Z,2026-05-04T21:11:24.529671+00:00,492982,481512,77,2,461,1,1,7,-45,9.5,5147,14,3.0,7,lora,1,2,1
C1,C1_pwr14_2026-05-03T12:00:00Z,2026-05-04T21:11:25.441577+00:00,493906,472842,924,1,462,0,1,7,-45,9.25,5147,14,3.0,7,lora,1,1,0
C1,C1_pwr14_2026-05-03T12:00:00Z,2026-05-04T21:11:25.521673+00:00,493982,482511,76,2,462,1,1,7,-45,9.75,5147,14,3.0,7,lora,1,2,1
C1,C1_pwr14_2026-05-03T12:00:00Z,2026-05-04T21:11:26.449545+00:00,494906,473842,924,1,463,0,1,7,-45,9.25,5147,14,3.0,7,lora,1,1,0
C1,C1_pwr14_2026-05-03T12:00:00Z,2026-05-04T21:11:26.529615+00:00,494983,483511,77,2,463,1,1,7,-45,9.75,5147,14,3.0,7,lora,1,2,1
C1,C1_pwr14_2026-05-03T12:00:00Z,2026-05-04T21:11:27.441532+00:00,495906,474842,923,1,464,0,1,7,-45,9.25,5147,14,3.0,7,lora,1,1,0
C1,C1_pwr14_2026-05-03T12:00:00Z,2026-05-04T21:11:27.521681+00:00,495983,484510,77,2,464,1,1,7,-45,9.0,5147,14,3.0,7,lora,1,2,1
C1,C1_pwr14_2026-05-03T12:00:00Z,2026-05-04T21:11:28.449486+00:00,496907,475842,924,1,465,0,1,7,-45,9.25,5147,14,3.0,7,lora,1,1,0
C1,C1_pwr14_2026-05-03T12:00:00Z,2026-05-04T21:11:28.513647+00:00,496983,485510,76,2,465,1,1,7,-45,9.5,5147,14,3.0,7,lora,1,2,1
C1,C1_pwr14_2026-05-03T12:00:00Z,2026-05-04T21:11:29.441489+00:00,497907,476842,924,1,466,0,1,7,-46,12.5,5147,14,3.0,7,lora,1,1,0
C1,C1_pwr14_2026-05-03T12:00:00Z,2026-05-04T21:11:29.521582+00:00,497984,486510,77,2,466,1,1,7,-44,9.25,5147,14,3.0,7,lora,1,2,1
C1,C1_pwr14_2026-05-03T12:00:00Z,2026-05-04T21:11:30.433469+00:00,498907,477842,923,1,467,0,1,7,-46,9.5,5147,14,3.0,7,lora,1,1,0
C1,C1_pwr14_2026-05-03T12:00:00Z,2026-05-04T21:11:30.513597+00:00,498984,487509,77,2,467,1,1,7,-45,9.25,5147,14,3.0,7,lora,1,2,1
C1,C1_pwr14_2026-05-03T12:00:00Z,2026-05-04T21:11:31.441469+00:00,499908,478842,924,1,468,0,1,7,-45,9.5,5147,14,3.0,7,lora,1,1,0
C1,C1_pwr14_2026-05-03T12:00:00Z,2026-05-04T21:11:31.521544+00:00,499984,488509,76,2,468,1,1,7,-45,9.5,5147,14,3.0,7,lora,1,2,1
C1,C1_pwr14_2026-05-03T12:00:00Z,2026-05-04T21:11:32.433450+00:00,500908,479842,924,1,469,0,1,7,-46,10.0,5147,14,3.0,7,lora,1,1,0
C1,C1_pwr14_2026-05-03T12:00:00Z,2026-05-04T21:11:32.513585+00:00,500985,489508,77,2,469,1,1,7,-45,9.5,5147,14,3.0,7,lora,1,2,1
C1,C1_pwr14_2026-05-03T12:00:00Z,2026-05-04T21:11:33.441425+00:00,501908,480842,923,1,470,0,1,7,-46,10.0,5147,14,3.0,7,lora,1,1,0
C1,C1_pwr14_2026-05-03T12:00:00Z,2026-05-04T21:11:33.521482+00:00,501985,490508,77,2,470,1,1,7,-45,9.75,5147,14,3.0,7,lora,1,2,1
C1,C1_pwr14_2026-05-03T12:00:00Z,2026-05-04T21:11:34.433406+00:00,502908,481842,923,1,471,0,1,7,-47,9.75,5147,14,3.0,7,lora,1,1,0
C1,C1_pwr14_2026-05-03T12:00:00Z,2026-05-04T21:11:34.513650+00:00,502985,491507,77,2,471,1,1,7,-46,9.5,5147,14,3.0,7,lora,1,2,1
C1,C1_pwr14_2026-05-03T12:00:00Z,2026-05-04T21:11:42.209276+00:00,892,1004,-502093,1,0,0,1,7,-47,9.75,5147,14,3.0,7,lora,1,1,0
C1,C1_pwr14_2026-05-03T12:00:00Z,2026-05-04T21:11:42.289363+00:00,968,235,76,2,0,1,1,7,-45,9.25,5147,14,3.0,7,lora,1,2,1
C1,C1_pwr14_2026-05-03T12:00:00Z,2026-05-04T21:11:43.201325+00:00,734,2004,-234,1,1,0,1,7,-46,9.75,5147,14,3.0,7,lora,1,1,0
C1,C1_pwr14_2026-05-03T12:00:00Z,2026-05-04T21:11:50.465129+00:00,1598,1004,864,1,0,0,1,7,-46,9.25,5147,14,3.0,7,lora,1,1,0
C1,C1_pwr14_2026-05-03T12:00:00Z,2026-05-04T21:11:51.457113+00:00,832,2004,-766,1,1,0,1,7,-46,9.5,5147,14,3.0,7,lora,1,1,0
C1,C1_pwr14_2026-05-03T12:00:00Z,2026-05-04T21:11:54.273058+00:00,1357,1004,525,1,0,0,1,7,-46,9.75,5147,14,3.0,7,lora,1,1,0
C1,C1_pwr14_2026-05-03T12:00:00Z,2026-05-04T21:11:55.265043+00:00,2358,2004,1001,1,1,0,1,7,-46,9.0,5147,14,3.0,7,lora,1,1,0
C1,C1_pwr14_2026-05-03T12:00:00Z,2026-05-04T21:11:56.257029+00:00,3358,3004,1000,1,2,0,1,7,-46,9.5,5147,14,3.0,7,lora,1,1,0
C1,C1_pwr14_2026-05-03T12:00:00Z,2026-05-04T21:11:57.265026+00:00,4359,4004,1001,1,3,0,1,7,-46,9.75,5147,14,3.0,7,lora,1,1,0
C1,C1_pwr14_2026-05-03T12:00:00Z,2026-05-04T21:11:58.257047+00:00,5359,5004,1000,1,4,0,1,7,-46,9.25,5147,14,3.0,7,lora,1,1,0
C1,C1_pwr14_2026-05-03T12:00:00Z,2026-05-04T21:11:59.264976+00:00,6360,6004,1001,1,5,0,1,7,-46,9.5,5147,14,3.0,7,lora,1,1,0
C1,C1_pwr14_2026-05-03T12:00:00Z,2026-05-04T21:12:00.256964+00:00,7361,7004,1001,1,6,0,1,7,-46,9.75,5147,14,3.0,7,lora,1,1,0
C1,C1_pwr14_2026-05-03T12:00:00Z,2026-05-04T21:12:01.264895+00:00,8361,8004,1000,1,7,0,1,7,-45,9.25,5147,14,3.0,7,lora,1,1,0
C1,C1_pwr14_2026-05-03T12:00:00Z,2026-05-04T21:12:02.256925+00:00,9362,9004,1001,1,8,0,1,7,-46,9.5,5147,14,3.0,7,lora,1,1,0
C1,C1_pwr14_2026-05-03T12:00:00Z,2026-05-04T21:12:03.248946+00:00,10363,10004,1001,1,9,0,1,7,-46,9.25,5147,14,3.0,7,lora,1,1,0
C1,C1_pwr14_2026-05-03T12:00:00Z,2026-05-04T21:12:04.256918+00:00,11364,11004,1001,1,10,0,1,7,-46,9.5,5147,14,3.0,7,lora,1,1,0
C1,C1_pwr14_2026-05-03T12:00:00Z,2026-05-04T21:12:05.248984+00:00,12364,12004,1000,1,11,0,1,7,-46,10.0,5147,14,3.0,7,lora,1,1,0
C1,C1_pwr14_2026-05-03T12:00:00Z,2026-05-04T21:12:06.256874+00:00,13364,13004,1000,1,12,0,1,7,-45,9.5,5147,14,3.0,7,lora,1,1,0
C1,C1_pwr14_2026-05-03T12:00:00Z,2026-05-04T21:12:07.248862+00:00,14365,14004,1001,1,13,0,1,7,-45,10.0,5147,14,3.0,7,lora,1,1,0
C1,C1_pwr14_2026-05-03T12:00:00Z,2026-05-04T21:12:08.256774+00:00,15365,15004,1000,1,14,0,1,7,-45,9.75,5147,14,3.0,7,lora,1,1,0
C1,C1_pwr14_2026-05-03T12:00:00Z,2026-05-04T21:12:09.248849+00:00,16366,16004,1001,1,15,0,1,7,-45,9.75,5147,14,3.0,7,lora,1,1,0
C1,C1_pwr14_2026-05-03T12:00:00Z,2026-05-04T21:12:10.240823+00:00,17366,17004,1000,1,16,0,1,7,-45,9.25,5147,14,3.0,7,lora,1,1,0
C1,C1_pwr14_2026-05-03T12:00:00Z,2026-05-04T21:12:11.248805+00:00,18367,18004,1001,1,17,0,1,7,-45,9.5,5147,14,3.0,7,lora,1,1,0
C1,C1_pwr14_2026-05-03T12:00:00Z,2026-05-04T21:12:12.240805+00:00,19367,19004,1000,1,18,0,1,7,-45,9.75,5147,14,3.0,7,lora,1,1,0
C1,C1_pwr14_2026-05-03T12:00:00Z,2026-05-04T21:12:13.248701+00:00,20368,20004,1001,1,19,0,1,7,-45,9.75,5147,14,3.0,7,lora,1,1,0
C1,C1_pwr14_2026-05-03T12:00:00Z,2026-05-04T21:12:14.240724+00:00,21369,21004,1001,1,20,0,1,7,-45,9.75,5147,14,3.0,7,lora,1,1,0
C1,C1_pwr14_2026-05-03T12:00:00Z,2026-05-04T21:12:15.248692+00:00,22370,22004,1001,1,21,0,1,7,-45,9.5,5147,14,3.0,7,lora,1,1,0
C1,C1_pwr14_2026-05-03T12:00:00Z,2026-05-04T21:12:16.240701+00:00,23371,23004,1001,1,22,0,1,7,-45,9.5,5147,14,3.0,7,lora,1,1,0
C1,C1_pwr14_2026-05-03T12:00:00Z,2026-05-04T21:12:17.232684+00:00,24372,24004,1001,1,23,0,1,7,-45,9.25,5147,14,3.0,7,lora,1,1,0
C1,C1_pwr14_2026-05-03T12:00:00Z,2026-05-04T21:12:18.240721+00:00,25373,25004,1001,1,24,0,1,7,-45,9.5,5147,14,3.0,7,lora,1,1,0
C1,C1_pwr14_2026-05-03T12:00:00Z,2026-05-04T21:12:19.232638+00:00,26373,26004,1000,1,25,0,1,7,-45,9.5,5147,14,3.0,7,lora,1,1,0
C1,C1_pwr14_2026-05-03T12:00:00Z,2026-05-04T21:12:20.240705+00:00,27374,27004,1001,1,26,0,1,7,-45,9.25,5147,14,3.0,7,lora,1,1,0
C1,C1_pwr14_2026-05-03T12:00:00Z,2026-05-04T21:12:21.232602+00:00,28375,28004,1001,1,27,0,1,7,-45,9.75,5147,14,3.0,7,lora,1,1,0
C1,C1_pwr14_2026-05-03T12:00:00Z,2026-05-04T21:12:22.240552+00:00,29375,29004,1000,1,28,0,1,7,-45,9.25,5147,14,3.0,7,lora,1,1,0
C1,C1_pwr14_2026-05-03T12:00:00Z,2026-05-04T21:12:23.232603+00:00,30376,30004,1001,1,29,0,1,7,-45,10.25,5147,14,3.0,7,lora,1,1,0
C1,C1_pwr14_2026-05-03T12:00:00Z,2026-05-04T21:12:24.240495+00:00,31377,31004,1001,1,30,0,1,7,-45,9.75,5147,14,3.0,7,lora,1,1,0
C1,C1_pwr14_2026-05-03T12:00:00Z,2026-05-04T21:12:25.232560+00:00,32378,32004,1001,1,31,0,1,7,-45,10.0,5147,14,3.0,7,lora,1,1,0
C1,C1_pwr14_2026-05-03T12:00:00Z,2026-05-04T21:12:26.224570+00:00,33379,33004,1001,1,32,0,1,7,-45,9.5,5147,14,3.0,7,lora,1,1,0
C1,C1_pwr14_2026-05-03T12:00:00Z,2026-05-04T21:12:27.232520+00:00,34380,34004,1001,1,33,0,1,7,-45,9.5,5147,14,3.0,7,lora,1,1,0
C1,C1_pwr14_2026-05-03T12:00:00Z,2026-05-04T21:12:28.224494+00:00,35381,35004,1001,1,34,0,1,7,-45,9.75,5147,14,3.0,7,lora,1,1,0
C1,C1_pwr14_2026-05-03T12:00:00Z,2026-05-04T21:12:29.232526+00:00,36382,36004,1001,1,35,0,1,7,-45,9.25,5147,14,3.0,7,lora,1,1,0
C1,C1_pwr14_2026-05-03T12:00:00Z,2026-05-04T21:12:30.224454+00:00,37383,37004,1001,1,36,0,1,7,-45,9.5,5147,14,3.0,7,lora,1,1,0
C1,C1_pwr14_2026-05-03T12:00:00Z,2026-05-04T21:12:31.232381+00:00,38384,38004,1001,1,37,0,1,7,-45,9.75,5147,14,3.0,7,lora,1,1,0
C1,C1_pwr14_2026-05-03T12:00:00Z,2026-05-04T21:12:32.224421+00:00,39384,39004,1000,1,38,0,1,7,-45,9.75,5147,14,3.0,7,lora,1,1,0
C1,C1_pwr14_2026-05-03T12:00:00Z,2026-05-04T21:12:33.232388+00:00,40385,40004,1001,1,39,0,1,7,-45,9.75,5147,14,3.0,7,lora,1,1,0
C1,C1_pwr14_2026-05-03T12:00:00Z,2026-05-04T21:12:34.224375+00:00,41385,41004,1000,1,40,0,1,7,-45,9.5,5147,14,3.0,7,lora,1,1,0
C1,C1_pwr14_2026-05-03T12:00:00Z,2026-05-04T21:12:35.216405+00:00,42386,42004,1001,1,41,0,1,7,-46,8.75,5147,14,3.0,7,lora,1,1,0
C1,C1_pwr14_2026-05-03T12:00:00Z,2026-05-04T21:12:36.224410+00:00,43386,43004,1000,1,42,0,1,7,-45,9.25,5147,14,3.0,7,lora,1,1,0
C1,C1_pwr14_2026-05-03T12:00:00Z,2026-05-04T21:12:37.216323+00:00,44387,44004,1001,1,43,0,1,7,-45,9.5,5147,14,3.0,7,lora,1,1,0
C1,C1_pwr14_2026-05-03T12:00:00Z,2026-05-04T21:12:38.224323+00:00,45387,45004,1000,1,44,0,1,7,-45,9.75,5147,14,3.0,7,lora,1,1,0
C1,C1_pwr14_2026-05-03T12:00:00Z,2026-05-04T21:12:39.216296+00:00,46388,46004,1001,1,45,0,1,7,-45,9.75,5147,14,3.0,7,lora,1,1,0
C1,C1_pwr14_2026-05-03T12:00:00Z,2026-05-04T21:12:40.224249+00:00,47388,47004,1000,1,46,0,1,7,-45,9.5,5147,14,3.0,7,lora,1,1,0
C1,C1_pwr14_2026-05-03T12:00:00Z,2026-05-04T21:12:41.216256+00:00,48389,48004,1001,1,47,0,1,7,-45,9.75,5147,14,3.0,7,lora,1,1,0
C1,C1_pwr14_2026-05-03T12:00:00Z,2026-05-04T21:12:42.224223+00:00,49390,49004,1001,1,48,0,1,7,-45,9.5,5147,14,3.0,7,lora,1,1,0
C1,C1_pwr14_2026-05-03T12:00:00Z,2026-05-04T21:12:43.216254+00:00,50390,50004,1000,1,49,0,1,7,-45,9.75,5147,14,3.0,7,lora,1,1,0
C1,C1_pwr14_2026-05-03T12:00:00Z,2026-05-04T21:12:44.208403+00:00,51391,51004,1001,1,50,0,1,7,-46,9.0,5147,14,3.0,7,lora,1,1,0
C1,C1_pwr14_2026-05-03T12:00:00Z,2026-05-04T21:12:45.216249+00:00,52391,52004,1000,1,51,0,1,7,-45,9.25,5147,14,3.0,7,lora,1,1,0
C1,C1_pwr14_2026-05-03T12:00:00Z,2026-05-04T21:12:46.208184+00:00,53392,53004,1001,1,52,0,1,7,-45,9.25,5147,14,3.0,7,lora,1,1,0
C1,C1_pwr14_2026-05-03T12:00:00Z,2026-05-04T21:12:47.216184+00:00,54392,54004,1000,1,53,0,1,7,-45,9.5,5147,14,3.0,7,lora,1,1,0
C1,C1_pwr14_2026-05-03T12:00:00Z,2026-05-04T21:12:48.208144+00:00,55393,55004,1001,1,54,0,1,7,-45,9.5,5147,14,3.0,7,lora,1,1,0
C1,C1_pwr14_2026-05-03T12:00:00Z,2026-05-04T21:12:49.216141+00:00,56393,56004,1000,1,55,0,1,7,-45,9.5,5147,14,3.0,7,lora,1,1,0
C1,C1_pwr14_2026-05-03T12:00:00Z,2026-05-04T21:12:50.208113+00:00,57394,57004,1001,1,56,0,1,7,-45,9.75,5147,14,3.0,7,lora,1,1,0
C1,C1_pwr14_2026-05-03T12:00:00Z,2026-05-04T21:12:51.216044+00:00,58394,58004,1000,1,57,0,1,7,-45,9.75,5147,14,3.0,7,lora,1,1,0
C1,C1_pwr14_2026-05-03T12:00:00Z,2026-05-04T21:12:52.208226+00:00,59395,59004,1001,1,58,0,1,7,-45,9.25,5147,14,3.0,7,lora,1,1,0
C1,C1_pwr14_2026-05-03T12:00:00Z,2026-05-04T21:12:53.200061+00:00,60396,60004,1001,1,59,0,1,7,-45,9.5,5147,14,3.0,7,lora,1,1,0
C1,C1_pwr14_2026-05-03T12:00:00Z,2026-05-04T21:12:54.208125+00:00,61397,61004,1001,1,60,0,1,7,-45,9.5,5147,14,3.0,7,lora,1,1,0
C1,C1_pwr14_2026-05-03T12:00:00Z,2026-05-04T21:12:55.200080+00:00,62398,62004,1001,1,61,0,1,7,-45,9.5,5147,14,3.0,7,lora,1,1,0
C1,C1_pwr14_2026-05-03T12:00:00Z,2026-05-04T21:12:56.208044+00:00,63399,63004,1001,1,62,0,1,7,-45,9.25,5147,14,3.0,7,lora,1,1,0
C1,C1_pwr14_2026-05-03T12:00:00Z,2026-05-04T21:12:57.199985+00:00,64400,64004,1001,1,63,0,1,7,-45,9.5,5147,14,3.0,7,lora,1,1,0
C1,C1_pwr14_2026-05-03T12:00:00Z,2026-05-04T21:12:58.207959+00:00,65400,65004,1000,1,64,0,1,7,-45,9.25,5147,14,3.0,7,lora,1,1,0
C1,C1_pwr14_2026-05-03T12:00:00Z,2026-05-04T21:12:59.199964+00:00,66401,66004,1001,1,65,0,1,7,-45,9.5,5147,14,3.0,7,lora,1,1,0
C1,C1_pwr14_2026-05-03T12:00:00Z,2026-05-04T21:13:00.207931+00:00,67402,67004,1001,1,66,0,1,7,-45,9.5,5147,14,3.0,7,lora,1,1,0
C1,C1_pwr14_2026-05-03T12:00:00Z,2026-05-04T21:13:01.200051+00:00,68403,68004,1001,1,67,0,1,7,-45,9.75,5147,14,3.0,7,lora,1,1,0
C1,C1_pwr14_2026-05-03T12:00:00Z,2026-05-04T21:13:02.191903+00:00,69403,69004,1000,1,68,0,1,7,-45,9.5,5147,14,3.0,7,lora,1,1,0
C1,C1_pwr14_2026-05-03T12:00:00Z,2026-05-04T21:13:03.199889+00:00,70404,70004,1001,1,69,0,1,7,-47,10.0,5147,14,3.0,7,lora,1,1,0
C1,C1_pwr14_2026-05-03T12:00:00Z,2026-05-04T21:13:04.191868+00:00,71404,71004,1000,1,70,0,1,7,-46,9.5,5147,14,3.0,7,lora,1,1,0
C1,C1_pwr14_2026-05-03T12:00:00Z,2026-05-04T21:13:05.199864+00:00,72405,72004,1001,1,71,0,1,7,-46,9.75,5147,14,3.0,7,lora,1,1,0
C1,C1_pwr14_2026-05-03T12:00:00Z,2026-05-04T21:13:06.191840+00:00,73405,73004,1000,1,72,0,1,7,-46,9.75,5147,14,3.0,7,lora,1,1,0
C1,C1_pwr14_2026-05-03T12:00:00Z,2026-05-04T21:13:07.199765+00:00,74406,74004,1001,1,73,0,1,7,-46,9.5,5147,14,3.0,7,lora,1,1,0
C1,C1_pwr14_2026-05-03T12:00:00Z,2026-05-04T21:13:08.191857+00:00,75406,75004,1000,1,74,0,1,7,-46,9.75,5147,14,3.0,7,lora,1,1,0
C1,C1_pwr14_2026-05-03T12:00:00Z,2026-05-04T21:13:09.183820+00:00,76407,76004,1001,1,75,0,1,7,-46,9.75,5147,14,3.0,7,lora,1,1,0
C1,C1_pwr14_2026-05-03T12:00:00Z,2026-05-04T21:13:10.191773+00:00,77407,77004,1000,1,76,0,1,7,-47,9.5,5147,14,3.0,7,lora,1,1,0
C1,C1_pwr14_2026-05-03T12:00:00Z,2026-05-04T21:13:11.183766+00:00,78407,78004,1000,1,77,0,1,7,-46,9.5,5147,14,3.0,7,lora,1,1,0
C1,C1_pwr14_2026-05-03T12:00:00Z,2026-05-04T21:13:12.191775+00:00,79408,79004,1001,1,78,0,1,7,-46,9.75,5147,14,3.0,7,lora,1,1,0
C1,C1_pwr14_2026-05-03T12:00:00Z,2026-05-04T21:13:13.183738+00:00,80409,80004,1001,1,79,0,1,7,-47,9.75,5147,14,3.0,7,lora,1,1,0
C1,C1_pwr14_2026-05-03T12:00:00Z,2026-05-04T21:13:14.191667+00:00,81409,81004,1000,1,80,0,1,7,-45,9.5,5147,14,3.0,7,lora,1,1,0
C1,C1_pwr14_2026-05-03T12:00:00Z,2026-05-04T21:13:15.183688+00:00,82410,82004,1001,1,81,0,1,7,-45,9.25,5147,14,3.0,7,lora,1,1,0
C1,C1_pwr14_2026-05-03T12:00:00Z,2026-05-04T21:13:16.191618+00:00,83411,83004,1001,1,82,0,1,7,-45,9.75,5147,14,3.0,7,lora,1,1,0
C1,C1_pwr14_2026-05-03T12:00:00Z,2026-05-04T21:13:17.183666+00:00,84412,84004,1001,1,83,0,1,7,-45,9.75,5147,14,3.0,7,lora,1,1,0
C1,C1_pwr14_2026-05-03T12:00:00Z,2026-05-04T21:13:18.175663+00:00,85412,85004,1000,1,84,0,1,7,-45,9.5,5147,14,3.0,7,lora,1,1,0
C1,C1_pwr14_2026-05-03T12:00:00Z,2026-05-04T21:13:19.183612+00:00,86413,86004,1001,1,85,0,1,7,-45,9.75,5147,14,3.0,7,lora,1,1,0
C1,C1_pwr14_2026-05-03T12:00:00Z,2026-05-04T21:13:20.175631+00:00,87414,87004,1001,1,86,0,1,7,-45,9.25,5147,14,3.0,7,lora,1,1,0
C1,C1_pwr14_2026-05-03T12:00:00Z,2026-05-04T21:13:21.183638+00:00,88415,88004,1001,1,87,0,1,7,-45,9.5,5147,14,3.0,7,lora,1,1,0
C1,C1_pwr14_2026-05-03T12:00:00Z,2026-05-04T21:13:22.175566+00:00,89415,89004,1000,1,88,0,1,7,-45,9.5,5147,14,3.0,7,lora,1,1,0
C1,C1_pwr14_2026-05-03T12:00:00Z,2026-05-04T21:13:23.183486+00:00,90416,90004,1001,1,89,0,1,7,-45,9.75,5147,14,3.0,7,lora,1,1,0
C1,C1_pwr14_2026-05-03T12:00:00Z,2026-05-04T21:13:24.175543+00:00,91417,91004,1001,1,90,0,1,7,-45,9.5,5147,14,3.0,7,lora,1,1,0
C1,C1_pwr14_2026-05-03T12:00:00Z,2026-05-04T21:13:25.167615+00:00,92418,92004,1001,1,91,0,1,7,-45,9.5,5147,14,3.0,7,lora,1,1,0
C1,C1_pwr14_2026-05-03T12:00:00Z,2026-05-04T21:13:26.175518+00:00,93419,93004,1001,1,92,0,1,7,-45,9.75,5147,14,3.0,7,lora,1,1,0
C1,C1_pwr14_2026-05-03T12:00:00Z,2026-05-04T21:13:27.167522+00:00,94419,94004,1000,1,93,0,1,7,-45,9.5,5147,14,3.0,7,lora,1,1,0
C1,C1_pwr14_2026-05-03T12:00:00Z,2026-05-04T21:13:28.175461+00:00,95420,95004,1001,1,94,0,1,7,-45,9.5,5147,14,3.0,7,lora,1,1,0
C1,C1_pwr14_2026-05-03T12:00:00Z,2026-05-04T21:13:29.167439+00:00,96420,96004,1000,1,95,0,1,7,-45,9.5,5147,14,3.0,7,lora,1,1,0
C1,C1_pwr14_2026-05-03T12:00:00Z,2026-05-04T21:13:30.175407+00:00,97421,97004,1001,1,96,0,1,7,-45,9.5,5147,14,3.0,7,lora,1,1,0
C1,C1_pwr14_2026-05-03T12:00:00Z,2026-05-04T21:13:31.167431+00:00,98422,98004,1001,1,97,0,1,7,-45,9.75,5147,14,3.0,7,lora,1,1,0
C1,C1_pwr14_2026-05-03T12:00:00Z,2026-05-04T21:13:32.175378+00:00,99422,99004,1000,1,98,0,1,7,-45,9.5,5147,14,3.0,7,lora,1,1,0
C1,C1_pwr14_2026-05-03T12:00:00Z,2026-05-04T21:13:33.167380+00:00,100423,100004,1001,1,99,0,1,7,-45,9.75,5147,14,3.0,7,lora,1,1,0
C1,C1_pwr14_2026-05-03T12:00:00Z,2026-05-04T21:13:34.159394+00:00,101423,101004,1000,1,100,0,1,7,-45,9.5,5147,14,3.0,7,lora,1,1,0
C1,C1_pwr14_2026-05-03T12:00:00Z,2026-05-04T21:13:35.167339+00:00,102424,102004,1001,1,101,0,1,7,-45,9.5,5147,14,3.0,7,lora,1,1,0
C1,C1_pwr14_2026-05-03T12:00:00Z,2026-05-04T21:13:36.159322+00:00,103424,103004,1000,1,102,0,1,7,-45,9.75,5147,14,3.0,7,lora,1,1,0
C1,C1_pwr14_2026-05-03T12:00:00Z,2026-05-04T21:13:37.167316+00:00,104425,104004,1001,1,103,0,1,7,-45,9.5,5147,14,3.0,7,lora,1,1,0
C1,C1_pwr14_2026-05-03T12:00:00Z,2026-05-04T21:13:38.159289+00:00,105425,105004,1000,1,104,0,1,7,-45,10.5,5147,14,3.0,7,lora,1,1,0
C1,C1_pwr14_2026-05-03T12:00:00Z,2026-05-04T21:13:39.167259+00:00,106426,106004,1001,1,105,0,1,7,-45,9.25,5147,14,3.0,7,lora,1,1,0
C1,C1_pwr14_2026-05-03T12:00:00Z,2026-05-04T21:13:40.159286+00:00,107426,107004,1000,1,106,0,1,7,-45,9.25,5147,14,3.0,7,lora,1,1,0
C1,C1_pwr14_2026-05-03T12:00:00Z,2026-05-04T21:13:41.151273+00:00,108427,108004,1001,1,107,0,1,7,-45,9.5,5147,14,3.0,7,lora,1,1,0
C1,C1_pwr14_2026-05-03T12:00:00Z,2026-05-04T21:13:42.159217+00:00,109428,109004,1001,1,108,0,1,7,-45,9.5,5147,14,3.0,7,lora,1,1,0
C1,C1_pwr14_2026-05-03T12:00:00Z,2026-05-04T21:13:43.151228+00:00,110428,110004,1000,1,109,0,1,7,-45,9.5,5147,14,3.0,7,lora,1,1,0
C1,C1_pwr14_2026-05-03T12:00:00Z,2026-05-04T21:13:44.159226+00:00,111429,111004,1001,1,110,0,1,7,-45,9.25,5147,14,3.0,7,lora,1,1,0
C1,C1_pwr14_2026-05-03T12:00:00Z,2026-05-04T21:13:45.151164+00:00,112429,112004,1000,1,111,0,1,7,-45,9.5,5147,14,3.0,7,lora,1,1,0
C1,C1_pwr14_2026-05-03T12:00:00Z,2026-05-04T21:13:46.159122+00:00,113430,113004,1001,1,112,0,1,7,-45,9.5,5147,14,3.0,7,lora,1,1,0
C1,C1_pwr14_2026-05-03T12:00:00Z,2026-05-04T21:13:47.151190+00:00,114430,114004,1000,1,113,0,1,7,-45,9.5,5147,14,3.0,7,lora,1,1,0
C1,C1_pwr14_2026-05-03T12:00:00Z,2026-05-04T21:13:48.143131+00:00,115431,115004,1001,1,114,0,1,7,-45,9.5,5147,14,3.0,7,lora,1,1,0
C1,C1_pwr14_2026-05-03T12:00:00Z,2026-05-04T21:13:49.151134+00:00,116432,116004,1001,1,115,0,1,7,-45,9.75,5147,14,3.0,7,lora,1,1,0
C1,C1_pwr14_2026-05-03T12:00:00Z,2026-05-04T21:13:50.143103+00:00,117433,117004,1001,1,116,0,1,7,-45,9.75,5147,14,3.0,7,lora,1,1,0
C1,C1_pwr14_2026-05-03T12:00:00Z,2026-05-04T21:13:51.151087+00:00,118433,118004,1000,1,117,0,1,7,-45,9.5,5147,14,3.0,7,lora,1,1,0
C1,C1_pwr14_2026-05-03T12:00:00Z,2026-05-04T21:13:52.143053+00:00,119434,119004,1001,1,118,0,1,7,-45,9.75,5147,14,3.0,7,lora,1,1,0
C1,C1_pwr14_2026-05-03T12:00:00Z,2026-05-04T21:13:53.151003+00:00,120435,120004,1001,1,119,0,1,7,-45,9.75,5147,14,3.0,7,lora,1,1,0
C1,C1_pwr14_2026-05-03T12:00:00Z,2026-05-04T21:13:54.143023+00:00,121436,121004,1001,1,120,0,1,7,-45,10.0,5147,14,3.0,7,lora,1,1,0
C1,C1_pwr14_2026-05-03T12:00:00Z,2026-05-04T21:13:55.150936+00:00,122436,122004,1000,1,121,0,1,7,-45,9.75,5147,14,3.0,7,lora,1,1,0
C1,C1_pwr14_2026-05-03T12:00:00Z,2026-05-04T21:13:56.142991+00:00,123437,123004,1001,1,122,0,1,7,-45,9.5,5147,14,3.0,7,lora,1,1,0
C1,C1_pwr14_2026-05-03T12:00:00Z,2026-05-04T21:13:57.134962+00:00,124438,124004,1001,1,123,0,1,7,-45,9.75,5147,14,3.0,7,lora,1,1,0
C1,C1_pwr14_2026-05-03T12:00:00Z,2026-05-04T21:13:58.142984+00:00,125439,125004,1001,1,124,0,1,7,-45,9.5,5147,14,3.0,7,lora,1,1,0
C1,C1_pwr14_2026-05-03T12:00:00Z,2026-05-04T21:13:59.134977+00:00,126440,126004,1001,1,125,0,1,7,-45,9.5,5147,14,3.0,7,lora,1,1,0
C1,C1_pwr14_2026-05-03T12:00:00Z,2026-05-04T21:14:00.142912+00:00,127441,127004,1001,1,126,0,1,7,-45,9.5,5147,14,3.0,7,lora,1,1,0
C1,C1_pwr14_2026-05-03T12:00:00Z,2026-05-04T21:14:01.134902+00:00,128442,128004,1001,1,127,0,1,7,-45,9.75,5147,14,3.0,7,lora,1,1,0
C1,C1_pwr14_2026-05-03T12:00:00Z,2026-05-04T21:14:02.142831+00:00,129442,129004,1000,1,128,0,1,7,-45,9.5,5147,14,3.0,7,lora,1,1,0
C1,C1_pwr14_2026-05-03T12:00:00Z,2026-05-04T21:14:03.134874+00:00,130443,130004,1001,1,129,0,1,7,-44,9.5,5147,14,3.0,7,lora,1,1,0
C1,C1_pwr14_2026-05-03T12:00:00Z,2026-05-04T21:14:04.126853+00:00,131444,131004,1001,1,130,0,1,7,-45,9.75,5147,14,3.0,7,lora,1,1,0
C1,C1_pwr14_2026-05-03T12:00:00Z,2026-05-04T21:14:05.134838+00:00,132445,132004,1001,1,131,0,1,7,-45,9.5,5147,14,3.0,7,lora,1,1,0
C1,C1_pwr14_2026-05-03T12:00:00Z,2026-05-04T21:14:06.126825+00:00,133445,133004,1000,1,132,0,1,7,-45,9.75,5147,14,3.0,7,lora,1,1,0
C1,C1_pwr14_2026-05-03T12:00:00Z,2026-05-04T21:14:07.134788+00:00,134446,134004,1001,1,133,0,1,7,-45,9.5,5147,14,3.0,7,lora,1,1,0
C1,C1_pwr14_2026-05-03T12:00:00Z,2026-05-04T21:14:08.126784+00:00,135448,135004,1002,1,134,0,1,7,-45,9.5,5147,14,3.0,7,lora,1,1,0
C1,C1_pwr14_2026-05-03T12:00:00Z,2026-05-04T21:14:09.134711+00:00,136448,136004,1000,1,135,0,1,7,-46,10.0,5147,14,3.0,7,lora,1,1,0
C1,C1_pwr14_2026-05-03T12:00:00Z,2026-05-04T21:14:10.126842+00:00,137449,137004,1001,1,136,0,1,7,-45,9.75,5147,14,3.0,7,lora,1,1,0
C1,C1_pwr14_2026-05-03T12:00:00Z,2026-05-04T21:14:11.134681+00:00,138450,138004,1001,1,137,0,1,7,-45,9.25,5147,14,3.0,7,lora,1,1,0
C1,C1_pwr14_2026-05-03T12:00:00Z,2026-05-04T21:14:12.126773+00:00,139452,139004,1002,1,138,0,1,7,-45,9.25,5147,14,3.0,7,lora,1,1,0
C1,C1_pwr14_2026-05-03T12:00:00Z,2026-05-04T21:14:13.134642+00:00,140453,140004,1001,1,139,0,1,7,-45,9.5,5147,14,3.0,7,lora,1,1,0
C1,C1_pwr14_2026-05-03T12:00:00Z,2026-05-04T21:14:14.126675+00:00,141454,141004,1001,1,140,0,1,7,-45,9.75,5147,14,3.0,7,lora,1,1,0
C1,C1_pwr14_2026-05-03T12:00:00Z,2026-05-04T21:14:15.118770+00:00,142455,142004,1001,1,141,0,1,7,-45,9.75,5147,14,3.0,7,lora,1,1,0
C1,C1_pwr14_2026-05-03T12:00:00Z,2026-05-04T21:14:16.126653+00:00,143456,143004,1001,1,142,0,1,7,-45,9.5,5147,14,3.0,7,lora,1,1,0
C1,C1_pwr14_2026-05-03T12:00:00Z,2026-05-04T21:14:17.118619+00:00,144457,144004,1001,1,143,0,1,7,-45,9.25,5147,14,3.0,7,lora,1,1,0
C1,C1_pwr14_2026-05-03T12:00:00Z,2026-05-04T21:14:18.126703+00:00,145458,145004,1001,1,144,0,1,7,-45,9.25,5147,14,3.0,7,lora,1,1,0
C1,C1_pwr14_2026-05-03T12:00:00Z,2026-05-04T21:14:19.118637+00:00,146459,146004,1001,1,145,0,1,7,-45,9.5,5147,14,3.0,7,lora,1,1,0
C1,C1_pwr14_2026-05-03T12:00:00Z,2026-05-04T21:14:20.126665+00:00,147460,147004,1001,1,146,0,1,7,-45,9.75,5147,14,3.0,7,lora,1,1,0
C1,C1_pwr14_2026-05-03T12:00:00Z,2026-05-04T21:14:21.118556+00:00,148460,148004,1000,1,147,0,1,7,-45,10.0,5147,14,3.0,7,lora,1,1,0
C1,C1_pwr14_2026-05-03T12:00:00Z,2026-05-04T21:14:22.126480+00:00,149461,149004,1001,1,148,0,1,7,-45,9.75,5147,14,3.0,7,lora,1,1,0
C1,C1_pwr14_2026-05-03T12:00:00Z,2026-05-04T21:14:23.118514+00:00,150462,150004,1001,1,149,0,1,7,-45,9.5,5147,14,3.0,7,lora,1,1,0
C1,C1_pwr14_2026-05-03T12:00:00Z,2026-05-04T21:14:24.110507+00:00,151463,151004,1001,1,150,0,1,7,-45,9.75,5147,14,3.0,7,lora,1,1,0
C1,C1_pwr14_2026-05-03T12:00:00Z,2026-05-04T21:14:25.118484+00:00,152464,152004,1001,1,151,0,1,7,-45,9.25,5147,14,3.0,7,lora,1,1,0
C1,C1_pwr14_2026-05-03T12:00:00Z,2026-05-04T21:14:26.110462+00:00,153465,153004,1001,1,152,0,1,7,-45,9.75,5147,14,3.0,7,lora,1,1,0
C1,C1_pwr14_2026-05-03T12:00:00Z,2026-05-04T21:14:27.118537+00:00,154466,154004,1001,1,153,0,1,7,-45,9.25,5147,14,3.0,7,lora,1,1,0
C1,C1_pwr14_2026-05-03T12:00:00Z,2026-05-04T21:14:28.110436+00:00,155466,155004,1000,1,154,0,1,7,-44,10.0,5147,14,3.0,7,lora,1,1,0
C1,C1_pwr14_2026-05-03T12:00:00Z,2026-05-04T21:14:29.118379+00:00,156467,156004,1001,1,155,0,1,7,-45,9.25,5147,14,3.0,7,lora,1,1,0
C1,C1_pwr14_2026-05-03T12:00:00Z,2026-05-04T21:14:30.110396+00:00,157468,157004,1001,1,156,0,1,7,-45,9.5,5147,14,3.0,7,lora,1,1,0
C1,C1_pwr14_2026-05-03T12:00:00Z,2026-05-04T21:14:31.102397+00:00,158469,158004,1001,1,157,0,1,7,-45,9.75,5147,14,3.0,7,lora,1,1,0
C1,C1_pwr14_2026-05-03T12:00:00Z,2026-05-04T21:14:32.110379+00:00,159470,159004,1001,1,158,0,1,7,-45,9.75,5147,14,3.0,7,lora,1,1,0
C1,C1_pwr14_2026-05-03T12:00:00Z,2026-05-04T21:14:33.102342+00:00,160471,160004,1001,1,159,0,1,7,-45,9.5,5147,14,3.0,7,lora,1,1,0
C1,C1_pwr14_2026-05-03T12:00:00Z,2026-05-04T21:14:34.110361+00:00,161472,161004,1001,1,160,0,1,7,-45,9.25,5147,14,3.0,7,lora,1,1,0
C1,C1_pwr14_2026-05-03T12:00:00Z,2026-05-04T21:14:35.102343+00:00,162473,162004,1001,1,161,0,1,7,-45,9.75,5147,14,3.0,7,lora,1,1,0
C1,C1_pwr14_2026-05-03T12:00:00Z,2026-05-04T21:14:36.110249+00:00,163473,163004,1000,1,162,0,1,7,-45,9.5,5147,14,3.0,7,lora,1,1,0
C1,C1_pwr14_2026-05-03T12:00:00Z,2026-05-04T21:14:37.102272+00:00,164474,164004,1001,1,163,0,1,7,-45,9.5,5147,14,3.0,7,lora,1,1,0
C1,C1_pwr14_2026-05-03T12:00:00Z,2026-05-04T21:14:38.110237+00:00,165475,165004,1001,1,164,0,1,7,-45,9.5,5147,14,3.0,7,lora,1,1,0
C1,C1_pwr14_2026-05-03T12:00:00Z,2026-05-04T21:14:39.102235+00:00,166475,166004,1000,1,165,0,1,7,-45,9.25,5147,14,3.0,7,lora,1,1,0
C1,C1_pwr14_2026-05-03T12:00:00Z,2026-05-04T21:14:40.110193+00:00,167476,167004,1001,1,166,0,1,7,-45,9.25,5147,14,3.0,7,lora,1,1,0
C1,C1_pwr14_2026-05-03T12:00:00Z,2026-05-04T21:14:41.102207+00:00,168477,168004,1001,1,167,0,1,7,-45,9.0,5147,14,3.0,7,lora,1,1,0
C1,C1_pwr14_2026-05-03T12:00:00Z,2026-05-04T21:14:42.094188+00:00,169478,169004,1001,1,168,0,1,7,-45,9.5,5147,14,3.0,7,lora,1,1,0
C1,C1_pwr14_2026-05-03T12:00:00Z,2026-05-04T21:14:43.102169+00:00,170479,170004,1001,1,169,0,1,7,-45,9.5,5147,14,3.0,7,lora,1,1,0
C1,C1_pwr14_2026-05-03T12:00:00Z,2026-05-04T21:14:44.094156+00:00,171480,171004,1001,1,170,0,1,7,-45,9.25,5147,14,3.0,7,lora,1,1,0
